{
  "map50": 0.343365906335782,
  "map": 0.20647003140150028,
  "precision": 0.2612150415999909,
  "recall": 0.3958760537707906
}