{
  "num_images": 40,
  "per_image_coverage": [
    0.0584716796875,
    0.0158538818359375,
    0.0435791015625,
    0.0614013671875,
    0.9902191162109375,
    0.33685302734375,
    0.0132904052734375,
    0.020721435546875,
    0.0285797119140625,
    0.78668212890625,
    0.3207550048828125,
    1.0,
    0.52520751953125,
    0.019195556640625,
    0.919403076171875,
    0.847259521484375,
    0.4946441650390625,
    0.212799072265625,
    1.0,
    0.0,
    0.18487548828125,
    0.198150634765625,
    1.0,
    0.0,
    0.9697723388671875,
    0.82861328125,
    0.947662353515625,
    0.0,
    0.7111968994140625,
    0.0,
    0.221710205078125,
    0.7231903076171875,
    0.0617218017578125,
    0.212158203125,
    0.0,
    0.9836273193359375,
    0.432647705078125,
    0.923736572265625,
    0.6683349609375,
    0.3853759765625
  ],
  "mean_coverage": 0.42869224548339846,
  "threshold": 0.5
}