{
  "num_images": 945,
  "per_image_coverage": [
    0.9727325439453125,
    0.9727325439453125,
    0.9727325439453125,
    0.0157012939453125,
    0.015716552734375,
    0.0157012939453125,
    0.2715606689453125,
    0.2715606689453125,
    0.271209716796875,
    0.0445098876953125,
    0.0445098876953125,
    0.0445098876953125,
    0.0,
    0.0,
    0.0,
    0.40740966796875,
    0.40740966796875,
    0.407440185546875,
    0.8052825927734375,
    0.805328369140625,
    0.8052825927734375,
    0.8949432373046875,
    0.894927978515625,
    0.894927978515625,
    0.623626708984375,
    0.623626708984375,
    0.6235809326171875,
    0.3960418701171875,
    0.3960113525390625,
    0.3960418701171875,
    0.0,
    0.0,
    0.0,
    0.0300750732421875,
    0.0300750732421875,
    0.0300750732421875,
    0.1771697998046875,
    0.1771697998046875,
    0.177215576171875,
    0.655303955078125,
    0.6553802490234375,
    0.655303955078125,
    0.206512451171875,
    0.206512451171875,
    0.206573486328125,
    0.9691162109375,
    0.96923828125,
    0.96923828125,
    0.1134033203125,
    0.1134033203125,
    0.1134490966796875,
    0.114410400390625,
    0.114410400390625,
    0.1143646240234375,
    0.527008056640625,
    0.5269622802734375,
    0.527008056640625,
    0.477325439453125,
    0.4775390625,
    0.4775543212890625,
    0.087371826171875,
    0.087371826171875,
    0.0873870849609375,
    0.548370361328125,
    0.5482177734375,
    0.548248291015625,
    0.946197509765625,
    0.9467010498046875,
    0.9461212158203125,
    0.9158477783203125,
    0.9158477783203125,
    0.9158477783203125,
    0.9766845703125,
    0.9766845703125,
    0.9766845703125,
    0.0,
    0.0,
    0.0,
    0.0,
    0.0,
    0.0,
    0.1385040283203125,
    0.138671875,
    0.1383056640625,
    0.0,
    0.0,
    0.0,
    0.5794525146484375,
    0.5791015625,
    0.5791015625,
    0.2563629150390625,
    0.256317138671875,
    0.256317138671875,
    0.783935546875,
    0.784088134765625,
    0.783935546875,
    0.6237335205078125,
    0.6237335205078125,
    0.6238555908203125,
    0.6685791015625,
    0.6685791015625,
    0.6685791015625,
    0.0,
    0.0,
    0.0,
    0.5464324951171875,
    0.5464324951171875,
    0.5460205078125,
    1.0,
    1.0,
    1.0,
    0.5313873291015625,
    0.5316009521484375,
    0.5316009521484375,
    0.098236083984375,
    0.0982818603515625,
    0.0982818603515625,
    0.5068359375,
    0.5068359375,
    0.5068359375,
    0.10455322265625,
    0.10455322265625,
    0.10455322265625,
    0.6124114990234375,
    0.6124114990234375,
    0.612884521484375,
    0.923614501953125,
    0.923614501953125,
    0.9236602783203125,
    0.0410614013671875,
    0.0410919189453125,
    0.0410919189453125,
    0.1128082275390625,
    0.11273193359375,
    0.11273193359375,
    0.3475189208984375,
    0.34771728515625,
    0.347503662109375,
    0.2724761962890625,
    0.2725372314453125,
    0.2724761962890625,
    0.286163330078125,
    0.286163330078125,
    0.2862396240234375,
    0.0326080322265625,
    0.0326080322265625,
    0.032958984375,
    0.94561767578125,
    0.945587158203125,
    0.945587158203125,
    0.3141937255859375,
    0.3141937255859375,
    0.314300537109375,
    0.12750244140625,
    0.12750244140625,
    0.127471923828125,
    0.7081756591796875,
    0.7081756591796875,
    0.7081756591796875,
    0.6100311279296875,
    0.6101837158203125,
    0.6101837158203125,
    0.4645538330078125,
    0.23748779296875,
    0.4642791748046875,
    0.23748779296875,
    0.4644012451171875,
    0.237640380859375,
    0.969757080078125,
    0.96954345703125,
    0.969757080078125,
    0.3863983154296875,
    0.386505126953125,
    0.3863983154296875,
    0.5041351318359375,
    0.5041351318359375,
    0.50408935546875,
    0.83624267578125,
    0.836029052734375,
    0.836029052734375,
    0.0059661865234375,
    0.0059661865234375,
    0.0059661865234375,
    0.4641876220703125,
    0.4641876220703125,
    0.46417236328125,
    0.1435089111328125,
    0.1435089111328125,
    0.14324951171875,
    0.12158203125,
    0.12158203125,
    0.12158203125,
    0.6105499267578125,
    0.6105499267578125,
    0.6105194091796875,
    0.9045867919921875,
    0.9045867919921875,
    0.90460205078125,
    0.79840087890625,
    0.798370361328125,
    0.798370361328125,
    0.53509521484375,
    0.53515625,
    0.53515625,
    0.6294097900390625,
    0.6294097900390625,
    0.629241943359375,
    0.8711700439453125,
    0.871185302734375,
    0.871185302734375,
    0.47052001953125,
    0.47052001953125,
    0.47052001953125,
    0.0274810791015625,
    0.0274810791015625,
    0.02740478515625,
    0.2833404541015625,
    0.2833404541015625,
    0.2833404541015625,
    0.3017730712890625,
    0.3016510009765625,
    0.3016510009765625,
    0.416595458984375,
    0.416748046875,
    0.416595458984375,
    0.0,
    0.0,
    0.0,
    0.175872802734375,
    0.1759033203125,
    0.1759033203125,
    0.5565643310546875,
    0.5565643310546875,
    0.556549072265625,
    0.164306640625,
    0.164306640625,
    0.1643524169921875,
    0.1132965087890625,
    0.51177978515625,
    0.5117034912109375,
    0.1132354736328125,
    0.51177978515625,
    0.1132354736328125,
    0.0845947265625,
    0.0845947265625,
    0.08465576171875,
    0.3057098388671875,
    0.3057098388671875,
    0.3057098388671875,
    0.9873504638671875,
    0.9873504638671875,
    0.9873504638671875,
    0.3526153564453125,
    0.3525848388671875,
    0.3525848388671875,
    0.998046875,
    0.998046875,
    0.998046875,
    0.99853515625,
    0.99853515625,
    0.99853515625,
    0.0,
    0.0,
    0.0,
    0.25006103515625,
    0.25006103515625,
    0.2501220703125,
    0.2805023193359375,
    0.280487060546875,
    0.2805633544921875,
    0.2467498779296875,
    0.2465362548828125,
    0.2467498779296875,
    1.0,
    1.0,
    1.0,
    0.5214385986328125,
    0.5214385986328125,
    0.5214385986328125,
    0.388641357421875,
    0.388580322265625,
    0.388641357421875,
    0.0543060302734375,
    0.0543060302734375,
    0.05426025390625,
    0.5280609130859375,
    0.5280609130859375,
    0.528045654296875,
    0.0576324462890625,
    0.057525634765625,
    0.057525634765625,
    0.7314300537109375,
    0.7312469482421875,
    0.7311248779296875,
    0.1927642822265625,
    0.1927490234375,
    0.1927490234375,
    1.0,
    1.0,
    1.0,
    0.7825469970703125,
    0.7825927734375,
    0.782623291015625,
    1.0,
    1.0,
    1.0,
    0.4141387939453125,
    0.4144134521484375,
    0.414215087890625,
    0.7194976806640625,
    0.719482421875,
    0.719482421875,
    0.8504791259765625,
    0.8504791259765625,
    0.8504791259765625,
    0.317718505859375,
    0.317718505859375,
    0.317901611328125,
    0.125640869140625,
    0.1257781982421875,
    0.1257781982421875,
    0.9371185302734375,
    0.9373931884765625,
    0.9371185302734375,
    1.0,
    1.0,
    1.0,
    0.45855712890625,
    0.458587646484375,
    0.45849609375,
    0.038665771484375,
    0.038543701171875,
    0.038543701171875,
    0.2653961181640625,
    1.0,
    0.2653656005859375,
    0.2653961181640625,
    1.0,
    1.0,
    0.9939727783203125,
    0.9941253662109375,
    0.9941253662109375,
    0.9944610595703125,
    0.9944610595703125,
    0.9944610595703125,
    1.0,
    1.0,
    1.0,
    0.47821044921875,
    0.4782257080078125,
    0.477996826171875,
    0.4230804443359375,
    0.4232940673828125,
    0.4232177734375,
    0.72503662109375,
    0.72515869140625,
    0.7251129150390625,
    1.0,
    1.0,
    1.0,
    1.0,
    1.0,
    1.0,
    0.9679718017578125,
    0.968017578125,
    0.968017578125,
    1.0,
    1.0,
    1.0,
    0.1247100830078125,
    0.1247100830078125,
    0.1248016357421875,
    0.0,
    0.0,
    0.0,
    0.3832244873046875,
    0.3832244873046875,
    0.3834075927734375,
    0.38214111328125,
    0.38262939453125,
    0.38214111328125,
    0.9790802001953125,
