{
  "loss": 0.8560221552848816,
  "iou": 0.6191838383674622,
  "dice": 0.6874567866325378,
  "pos_weight": 1.0736039992153252
}