{
  "loss": 0.40052324533462524,
  "miou": 0.23509366810321808,
  "accuracy": 0.9403746468680245,
  "iou_per_class": [
    0.9403746724128723,
    0.0,
    0.0,
    0.0
  ],
  "confusion_matrix": [
    [
      1725595,
      0,
      0,
      0
    ],
    [
      41041,
      0,
      0,
      0
    ],
    [
      27671,
      0,
      0,
      0
    ],
    [
      40701,
      0,
      0,
      0
    ]
  ]
}